{"cameraMode":{"drawMode":0,"name":"Shaded","section":"Shading Mode"},"sceneLighting":true,"audioPlay":false,"sceneViewState":{"m_AlwaysRefresh":false,"showFog":true,"showSkybox":true,"showFlares":true,"showImageEffects":true,"showParticleSystems":true,"showVisualEffectGraphs":true,"m_FxEnabled":true},"in2DMode":false,"pivot":{"x":-1.308528184890747,"y":0.8495771288871765,"z":4.239950180053711},"rotation":{"x":0.15723612904548646,"y":-0.24412663280963899,"z":0.04014827311038971,"w":0.9560758471488953},"size":6.714729309082031,"orthographic":false}